{
  "rgb_dino": {
    "mAP": 0.5649562051671891
  },
  "ste_conv_wl": {
    "seeds": [
      0.6296519039276504,
      0.6371773747236894,
      0.6388868155903873,
      0.6332180408368484,
      0.6258578029959715
    ],
    "mean": 0.6329583525657654,
    "std": 0.005347054917365313
  },
  "xsens_wl": {
    "seeds": [
      0.6249414698289097,
      0.6271729175277116,
      0.6240083480427282,
      0.624938484068828,
      0.6234350331904653
    ],
    "mean": 0.6248992681503296,
    "std": 0.0014239625306800008
  },
  "xsens_idx": {
    "seeds": [
      0.6096865023385247,
      0.6088953790745818,
      0.6128272743350972,
      0.6252668156500303,
      0.6161198098304186
    ],
    "mean": 0.6145591139793396,
    "std": 0.0066315489821136
  },
  "cnn_allband": {
    "seeds": [
      0.6178920046793013,
      0.6193762158615226,
      0.6203707799220252,
      0.620740876593401,
      0.6131187880261523
    ],
    "mean": 0.6182997822761536,
    "std": 0.003099035704508424
  },
  "ste_mean_wl": {
    "seeds": [
      0.638073044608019,
      0.6298312104731556,
      0.6326814668479436,
      0.6398635410567313,
      0.6295699275804721
    ],
    "mean": 0.6340038180351257,
    "std": 0.004735860042273998
  },
  "ste_conv_wl_nodrop": {
    "seeds": [
      0.6347542685869543,
      0.6488253022376615,
      0.63943940971552,
      0.6440509144421123,
      0.6381718232481056
    ],
    "mean": 0.6410483121871948,
    "std": 0.005476650781929493
  },
  "ste_conv_idx": {
    "seeds": [
      0.6236462772118445,
      0.637025085581383,
      0.6373513030075524,
      0.6270331497444683,
      0.6291925528039926
    ],
    "mean": 0.6308497190475464,
    "std": 0.006115700118243694
  },
  "ste_conv_idx_nodrop": {
    "seeds": [
      0.6400799017060103,
      0.6416700881626688,
      0.6392381493882375,
      0.6356860401205515,
      0.631901837663255
    ],
    "mean": 0.637715220451355,
    "std": 0.003919982351362705
  }
}