{
  "mesa_v4": {
    "seeds": [
      0.7519377629018769
    ],
    "mean": 0.751937747001648
  }
}