{
  "cls_lp": {
    "mAP": 0.6338142045054083
  },
  "cls_patch_lp": {
    "mAP": 0.6432767346521939
  },
  "mesa_v4": {
    "seeds": [
      0.16946273009468238
    ],
    "mean": 0.16946272552013397
  }
}