{
  "mesa_v4": {
    "seeds": [
      0.6978176500796056
    ],
    "mean": 0.6978176236152649
  }
}