{
  "seeds": [
    0.9905555555555555,
    0.9918518518518519,
    0.9914814814814815
  ],
  "mean": 0.9912962913513184,
  "std": 0.0006676848861388862
}