{
  "xsens_wl_drop": {
    "seeds": [
      0.6236705652939601,
      0.6288242025072023,
      0.6221185289591401,
      0.6238873212632973,
      0.6224444131722581
    ],
    "mean": 0.624189019203186,
    "std": 0.002700699958950281
  },
  "xsens_wl_nodrop": {
    "seeds": [
      0.5304195190712925,
      0.5409825358525913,
      0.5869477657412511,
      0.5234374056205989,
      0.531254442040381
    ],
    "mean": 0.542608380317688,
    "std": 0.025561830028891563
  },
  "xsens_idx_drop": {
    "seeds": [
      0.6074017903391136,
      0.6152079635405743,
      0.6129825689618835,
      0.619913076712782,
      0.6169713882432408
    ],
    "mean": 0.6144953370094299,
    "std": 0.004706316627562046
  }
}